"country","date","topic","percentage"
"Germany",1991-03-01,"Environment",1.5
"Germany",1991-04-01,"Environment",8.55614973262032
"Germany",1991-05-01,"Environment",3.98550724637681
"Germany",1991-06-01,"Environment",3.84146341463415
"Germany",1991-09-01,"Environment",1.99004975124378
"Germany",1991-10-01,"Environment",3.19148936170213
"Germany",1991-11-01,"Environment",2.81396560708702
"Germany",1991-12-01,"Environment",4.28921568627451
"Germany",1992-01-01,"Environment",2.97766749379653
"Germany",1992-02-01,"Environment",1.04347826086957
"Germany",1992-03-01,"Environment",1.82704019488429
"Germany",1992-05-01,"Environment",3.55239786856128
"Germany",1992-06-01,"Environment",0.932994062765055
"Germany",1992-09-01,"Environment",1.39784946236559
"Germany",1992-10-01,"Environment",1.46341463414634
"Germany",1992-11-01,"Environment",2.83251231527094
"Germany",1992-12-01,"Environment",2.14669051878354
"Germany",1993-01-01,"Environment",2.2271714922049
"Germany",1993-02-01,"Environment",3.9727582292849
"Germany",1993-03-01,"Environment",2.06073752711497
"Germany",1993-04-01,"Environment",2.68361581920904
"Germany",1993-05-01,"Environment",0.786516853932584
"Germany",1993-06-01,"Environment",2.04572803850782
"Germany",1993-07-01,"Environment",0.813008130081301
"Germany",1993-09-01,"Environment",2.92072322670376
"Germany",1993-10-01,"Environment",3.52673492605233
"Germany",1993-11-01,"Environment",0.541027953110911
"Germany",1993-12-01,"Environment",1.74563591022444
"Germany",1994-01-01,"Environment",1.39616055846422
"Germany",1994-02-01,"Environment",1.03986135181976
"Germany",1994-03-01,"Environment",1.96078431372549
"Germany",1994-04-01,"Environment",0.50251256281407
"Germany",1994-05-01,"Environment",0.383141762452107
"Germany",1994-06-01,"Environment",1.5884476534296
"Germany",1994-09-01,"Environment",2.81442392260334
"Germany",1994-11-01,"Environment",3.7593984962406
"Germany",1994-12-01,"Environment",3.45596432552954
"Germany",1995-01-01,"Environment",4.576144036009
"Germany",1995-02-01,"Environment",5.44262295081967
"Germany",1995-03-01,"Environment",3.18775900541919
"Germany",1995-04-01,"Environment",10.1298701298701
"Germany",1995-05-01,"Environment",3.16129032258065
"Germany",1995-06-01,"Environment",2.68797675263349
"Germany",1995-07-01,"Environment",7.69230769230769
"Germany",1995-09-01,"Environment",3.0779524924724
"Germany",1995-10-01,"Environment",0.834560628375061
"Germany",1995-11-01,"Environment",2.44333235207536
"Germany",1995-12-01,"Environment",0.484496124031008
"Germany",1996-01-01,"Environment",1.92771084337349
"Germany",1996-02-01,"Environment",2.45601173020528
"Germany",1996-03-01,"Environment",2.82026768642447
"Germany",1996-04-01,"Environment",4.15770609318996
"Germany",1996-05-01,"Environment",1.57964019306713
"Germany",1996-06-01,"Environment",2.14309264754369
"Germany",1996-08-01,"Environment",2.52525252525253
"Germany",1996-09-01,"Environment",2.12224108658744
"Germany",1996-10-01,"Environment",1.7428167687235
"Germany",1996-11-01,"Environment",2.19229564672722
"Germany",1996-12-01,"Environment",2.16903515332835
"Germany",1997-01-01,"Environment",2.5748502994012
"Germany",1997-02-01,"Environment",4.01234567901235
"Germany",1997-03-01,"Environment",2.4198086662915
"Germany",1997-04-01,"Environment",1.74216027874564
"Germany",1997-05-01,"Environment",0.70323488045007
"Germany",1997-06-01,"Environment",3.12707917498337
"Germany",1997-08-01,"Environment",2.61780104712042
"Germany",1997-09-01,"Environment",1.96642685851319
"Germany",1997-10-01,"Environment",1.76957831325301
"Germany",1997-11-01,"Environment",2.70935960591133
"Germany",1997-12-01,"Environment",1.25786163522013
"Germany",1998-01-01,"Environment",3.5110533159948
"Germany",1998-02-01,"Environment",1.53846153846154
"Germany",1998-03-01,"Environment",4.04295641187618
"Germany",1998-04-01,"Environment",2.77632268203248
"Germany",1998-05-01,"Environment",2.50860796851943
"Germany",1998-06-01,"Environment",1.94132873166523
"Germany",1998-09-01,"Environment",0.351699882766706
"Germany",1998-11-01,"Environment",3.2027128862095
"Germany",1998-12-01,"Environment",0.925925925925926
"Germany",1999-01-01,"Environment",4.11832946635731
"Germany",1999-02-01,"Environment",2.82203004096495
"Germany",1999-03-01,"Environment",2.51374705420267
"Germany",1999-04-01,"Environment",0.953778429933969
"Germany",1999-05-01,"Environment",2.92573143285821
"Germany",1999-06-01,"Environment",1.97029402849348
"Germany",1999-09-01,"Environment",2.42708944999021
"Germany",1999-10-01,"Environment",2.2417934347478
"Germany",1999-11-01,"Environment",2.87064589532645
"Germany",1999-12-01,"Environment",2.39673635900051
"Germany",2000-01-01,"Environment",2.95741324921136
"Germany",2000-02-01,"Environment",2.79481935923654
"Germany",2000-03-01,"Environment",3.78169316716803
"Germany",2000-04-01,"Environment",3.13404050144648
"Germany",2000-05-01,"Environment",2.62529832935561
"Germany",2000-06-01,"Environment",2.1079258010118
"Germany",2000-07-01,"Environment",1.25786163522013
"Germany",2000-09-01,"Environment",3.3195020746888
"Germany",2000-10-01,"Environment",2.34435049961568
"Germany",2000-11-01,"Environment",3.48970251716247
"Germany",2000-12-01,"Environment",4.09356725146199
"Germany",2001-01-01,"Environment",3.49705304518664
"Germany",2001-02-01,"Environment",5.84854631507775
"Germany",2001-03-01,"Environment",2.40570240570241
"Germany",2001-04-01,"Environment",3.39123242349049
"Germany",2001-05-01,"Environment",0.974770642201835
"Germany",2001-06-01,"Environment",2.71304347826087
"Germany",2001-07-01,"Environment",2.43328100470958
"Germany",2001-09-01,"Environment",4.1220556745182
"Germany",2001-10-01,"Environment",0.528885272579333
"Germany",2001-11-01,"Environment",2.96163338568544
"Germany",2001-12-01,"Environment",3.87346675274371
"Germany",2002-01-01,"Environment",2.69406392694064
"Germany",2002-02-01,"Environment",1.33928571428571
"Germany",2002-03-01,"Environment",2.2412656558998
"Germany",2002-04-01,"Environment",1.08741112505228
"Germany",2002-05-01,"Environment",3.52360817477097
"Germany",2002-06-01,"Environment",2.78274696879348
"Germany",2002-07-01,"Environment",2.50552689756817
"Germany",2002-08-01,"Environment",8.48484848484849
"Germany",2002-09-01,"Environment",5.01981505944518
"Germany",2002-10-01,"Environment",1.52116402116402
"Germany",2002-11-01,"Environment",1.41190914671578
"Germany",2002-12-01,"Environment",2.31233243967828
"Germany",2003-01-01,"Environment",1.20481927710843
"Germany",2003-02-01,"Environment",2.14084507042254
"Germany",2003-03-01,"Environment",1.52586527726089
"Germany",2003-04-01,"Environment",1.90528034839412
"Germany",2003-05-01,"Environment",1.32856412876852
"Germany",2003-06-01,"Environment",0.981873111782477
"Germany",2003-07-01,"Environment",3.55691056910569
"Germany",2003-09-01,"Environment",3.18181818181818
"Germany",2003-10-01,"Environment",0.891861761426979
"Germany",2003-11-01,"Environment",3.31638828370854
"Germany",2003-12-01,"Environment",1.69293636894337
"Germany",2004-01-01,"Environment",2.26735947094946
"Germany",2004-02-01,"Environment",2.38853503184713
"Germany",2004-03-01,"Environment",3.19120407615983
"Germany",2004-04-01,"Environment",4.06819062378923
"Germany",2004-05-01,"Environment",2.98237686398554
"Germany",2004-06-01,"Environment",2.07416719044626
"Germany",2004-07-01,"Environment",4.23280423280423
"Germany",2004-09-01,"Environment",3.4492123845736
"Germany",2004-10-01,"Environment",2.00296735905045
"Germany",2004-11-01,"Environment",2.17992017193737
"Germany",2004-12-01,"Environment",3.42857142857143
"Germany",2005-01-01,"Environment",3.62946912242687
"Germany",2005-02-01,"Environment",2.96127562642369
"Germany",2005-03-01,"Environment",0.963222416812609
"Germany",2005-04-01,"Environment",1.84453227931489
"Germany",2005-05-01,"Environment",2.18181818181818
"Germany",2005-06-01,"Environment",3.65011509371917
"Germany",2005-07-01,"Environment",1.28205128205128
"Germany",2005-09-01,"Environment",1.95530726256983
"Germany",2005-11-01,"Environment",2.01793721973094
"Germany",2005-12-01,"Environment",1.71990171990172
"Germany",2006-01-01,"Environment",2.18031820860342
"Germany",2006-02-01,"Environment",3.52843503528435
"Germany",2006-03-01,"Environment",2.53915519696251
"Germany",2006-04-01,"Environment",4.01854714064915
"Germany",2006-05-01,"Environment",1.2987012987013
"Germany",2006-06-01,"Environment",2.69788750318147
"Germany",2006-09-01,"Environment",1.91008618681575
"Germany",2006-10-01,"Environment",2.51921434671221
"Germany",2006-11-01,"Environment",2.99634591961023
"Germany",2006-12-01,"Environment",2.54071661237785
"Germany",2007-01-01,"Environment",4.23476968796434
"Germany",2007-02-01,"Environment",1.05691056910569
"Germany",2007-03-01,"Environment",2.41935483870968
"Germany",2007-04-01,"Environment",3.05635148042025
"Germany",2007-05-01,"Environment",1.45705521472393
"Germany",2007-06-01,"Environment",2.20162224797219
"Germany",2007-07-01,"Environment",3.09798270893372
"Germany",2007-09-01,"Environment",2.79406691962746
"Germany",2007-10-01,"Environment",1.27919911012236
"Germany",2007-11-01,"Environment",2.94704187901618
"Germany",2007-12-01,"Environment",2.3121387283237
"Germany",2008-01-01,"Environment",3.93481717011129
"Germany",2008-02-01,"Environment",3.31313131313131
"Germany",2008-03-01,"Environment",1.19453924914676
"Germany",2008-04-01,"Environment",2.97473512632437
"Germany",2008-05-01,"Environment",2.81303602058319
"Germany",2008-06-01,"Environment",2.68129189518586
"Germany",2008-09-01,"Environment",2.53718285214348
"Germany",2008-10-01,"Environment",1.38197899391929
"Germany",2008-11-01,"Environment",2.79528637983009
"Germany",2008-12-01,"Environment",2.6284348864994
"Germany",2009-01-01,"Environment",2.00145560407569
"Germany",2009-02-01,"Environment",2.40880935994494
"Germany",2009-03-01,"Environment",2.55255255255255
"Germany",2009-04-01,"Environment",2.05864004990643
"Germany",2009-05-01,"Environment",2.72916666666667
"Germany",2009-06-01,"Environment",1.48183556405354
"Germany",2009-07-01,"Environment",2.91323622545915
"Germany",2009-08-01,"Environment",0.555555555555556
"Germany",2009-09-01,"Environment",1.85873605947955
"Germany",2009-11-01,"Environment",1.77484787018256
"Germany",2009-12-01,"Environment",3.24189526184539
"Germany",2010-01-01,"Environment",3.41235632183908
"Germany",2010-02-01,"Environment",2.35294117647059
"Germany",2010-03-01,"Environment",2.5974025974026
"Germany",2010-04-01,"Environment",2.0253164556962
"Germany",2010-05-01,"Environment",3.37972166998012
"Germany",2010-06-01,"Environment",2.49900833002777
"Germany",2010-07-01,"Environment",1.36027982899339
"Germany",2010-09-01,"Environment",3.29385640266469
"Germany",2010-10-01,"Environment",5.14603616133519
"Germany",2010-11-01,"Environment",2.77280858676208
"Germany",2010-12-01,"Environment",1.37569603668523
"Germany",2011-01-01,"Environment",2.02060221870048
"Germany",2011-02-01,"Environment",1.54769425142135
"Germany",2011-03-01,"Environment",2.82805429864253
"Germany",2011-04-01,"Environment",4.33012583271651
"Germany",2011-05-01,"Environment",2.35008103727715
"Germany",2011-06-01,"Environment",3.57845064883995
"Germany",2011-07-01,"Environment",1.18910625239739
"Germany",2011-09-01,"Environment",1.65956492487105
"Germany",2011-10-01,"Environment",2.43818681318681
"Germany",2011-11-01,"Environment",2.67962308598351
"Germany",2011-12-01,"Environment",2.57352941176471
"Germany",2012-01-01,"Environment",2.71673991210547
"Germany",2012-02-01,"Environment",5.75321725965178
"Germany",2012-03-01,"Environment",2.45736291949386
"Germany",2012-04-01,"Environment",2.63157894736842
"Germany",2012-05-01,"Environment",3.57745528180898
"Germany",2012-06-01,"Environment",1.98072805139186
"Germany",2012-09-01,"Environment",1.81513543702876
"Germany",2012-10-01,"Environment",1.78470254957507
"Germany",2012-11-01,"Environment",1.73104956268222
"Germany",2012-12-01,"Environment",1.7139796464917
"Germany",2013-01-01,"Environment",3.08779761904762
"Germany",2013-02-01,"Environment",2.40099781727471
"Germany",2013-03-01,"Environment",2.44376562066093
"Germany",2013-04-01,"Environment",0.846784863720561
"Germany",2013-05-01,"Environment",1.8681888946549
"Germany",2013-06-01,"Environment",2.32160660874519
"Germany",2013-09-01,"Environment",2.10843373493976
"Germany",2013-11-01,"Environment",2.17166494312306
"Germany",2013-12-01,"Environment",0.215982721382289
"Germany",2014-01-01,"Environment",2.67497251740564
"Germany",2014-02-01,"Environment",1.08907040062233
"Germany",2014-03-01,"Environment",2.50472589792061
"Germany",2014-04-01,"Environment",3.48082595870206
"Germany",2014-05-01,"Environment",2.53447633246366
"Germany",2014-06-01,"Environment",3.21199143468951
"Germany",2014-07-01,"Environment",1.90531177829099
"Germany",2014-09-01,"Environment",2.90322580645161
"Germany",2014-10-01,"Environment",2.18911523259349
"Germany",2014-11-01,"Environment",2.80244720742056
"Germany",2014-12-01,"Environment",2.5531914893617
"Germany",2015-01-01,"Environment",1.8304071722077
"Germany",2015-02-01,"Environment",1.036866359447
"Germany",2015-03-01,"Environment",3.56200527704486
"Germany",2015-04-01,"Environment",1.82965299684543
"Germany",2015-05-01,"Environment",4.19468459814281
"Germany",2015-06-01,"Environment",0.820748522652659
"Germany",2015-07-01,"Environment",0.518941359626362
"Germany",2015-09-01,"Environment",2.62529832935561
"Germany",2015-10-01,"Environment",1.73697270471464
"Germany",2015-11-01,"Environment",2.49472270197659
"Germany",2015-12-01,"Environment",4.43366816764808
"Germany",2016-01-01,"Environment",1.91285866099894
"Germany",2016-02-01,"Environment",1.84411969380654
"Germany",2016-03-01,"Environment",0.987841945288754
"Germany",2016-04-01,"Environment",2.15407082876962
"Germany",2016-05-01,"Environment",1.01419878296146
"Germany",2016-06-01,"Environment",3.49080754014429
"Germany",2016-07-01,"Environment",2.97349709114415
"Germany",2016-09-01,"Environment",2.33300099700897
"Germany",2016-10-01,"Environment",0.952986022871665
"Germany",2016-11-01,"Environment",3.67403314917127
"Germany",2016-12-01,"Environment",0.909408884225254
"Germany",2017-01-01,"Environment",1.84590690208668
"Germany",2017-02-01,"Environment",1.5862524785195
"Germany",2017-03-01,"Environment",1.25351199481305
"Germany",2017-04-01,"Environment",1.67247386759582
"Germany",2017-05-01,"Environment",1.63487738419619
"Germany",2017-06-01,"Environment",1.79754020813623
"Germany",2017-09-01,"Environment",5
"Germany",2017-11-01,"Environment",2.98013245033113
"Germany",2017-12-01,"Environment",0.363636363636364
"Germany",2018-01-01,"Environment",4.69798657718121
"Germany",2018-02-01,"Environment",2.62135922330097
"Germany",2018-03-01,"Environment",1.94975628046494
"Germany",2018-04-01,"Environment",1.68612191958495
"Germany",2018-05-01,"Environment",2.23831468071099
"Germany",2018-06-01,"Environment",2.96566077003122
"Germany",2018-07-01,"Environment",2.9126213592233
"Germany",2018-09-01,"Environment",3.20232896652111
"Germany",2018-10-01,"Environment",1.8584420719652
"Germany",2018-11-01,"Environment",2.91355646520588
"Germany",2018-12-01,"Environment",1.32827324478178
"Germany",1991-03-01,"Welfare",0.375
"Germany",1991-04-01,"Welfare",0.17825311942959
"Germany",1991-05-01,"Welfare",1.44927536231884
"Germany",1991-06-01,"Welfare",0.48780487804878
"Germany",1991-10-01,"Welfare",0.0967117988394584
"Germany",1991-11-01,"Welfare",0.208441896821261
"Germany",1991-12-01,"Welfare",0.245098039215686
"Germany",1992-02-01,"Welfare",0.347826086956522
"Germany",1992-03-01,"Welfare",0.243605359317905
"Germany",1992-05-01,"Welfare",0.355239786856128
"Germany",1992-06-01,"Welfare",0.424088210347752
"Germany",1992-09-01,"Welfare",0.10752688172043
"Germany",1992-10-01,"Welfare",0.853658536585366
"Germany",1992-11-01,"Welfare",0.061576354679803
"Germany",1993-01-01,"Welfare",0.44543429844098
"Germany",1993-02-01,"Welfare",0.227014755959137
"Germany",1993-03-01,"Welfare",0.759219088937093
"Germany",1993-04-01,"Welfare",0.564971751412429
"Germany",1993-05-01,"Welfare",1.12359550561798
"Germany",1993-06-01,"Welfare",0.36101083032491
"Germany",1993-07-01,"Welfare",1.6260162601626
"Germany",1993-09-01,"Welfare",0.90403337969402
"Germany",1993-10-01,"Welfare",0.568828213879408
"Germany",1993-11-01,"Welfare",0.450856627592426
"Germany",1993-12-01,"Welfare",0.249376558603491
"Germany",1994-02-01,"Welfare",1.38648180242634
"Germany",1994-03-01,"Welfare",0.576701268742791
"Germany",1994-04-01,"Welfare",1.30653266331658
"Germany",1994-05-01,"Welfare",0.766283524904214
"Germany",1994-06-01,"Welfare",1.22743682310469
"Germany",1994-09-01,"Welfare",0.79155672823219
"Germany",1994-11-01,"Welfare",0.93984962406015
"Germany",1994-12-01,"Welfare",1.89520624303233
"Germany",1995-01-01,"Welfare",1.65041260315079
"Germany",1995-02-01,"Welfare",0.524590163934426
"Germany",1995-03-01,"Welfare",0.701306981192222
"Germany",1995-04-01,"Welfare",0.519480519480519
"Germany",1995-05-01,"Welfare",0.32258064516129
"Germany",1995-06-01,"Welfare",0.908100254268071
"Germany",1995-07-01,"Welfare",1.64835164835165
"Germany",1995-09-01,"Welfare",0.936768149882904
"Germany",1995-10-01,"Welfare",1.22729504172803
"Germany",1995-11-01,"Welfare",1.1480718280836
"Germany",1995-12-01,"Welfare",0.484496124031008
"Germany",1996-01-01,"Welfare",1.32530120481928
"Germany",1996-02-01,"Welfare",1.68621700879765
"Germany",1996-03-01,"Welfare",0.717017208413002
"Germany",1996-04-01,"Welfare",3.15412186379928
"Germany",1996-05-01,"Welfare",2.5010969723563
"Germany",1996-06-01,"Welfare",1.08803165182987
"Germany",1996-07-01,"Welfare",12.3287671232877
"Germany",1996-08-01,"Welfare",6.06060606060606
"Germany",1996-09-01,"Welfare",1.35823429541596
"Germany",1996-10-01,"Welfare",1.50730098916627
"Germany",1996-11-01,"Welfare",1.44065142499217
"Germany",1996-12-01,"Welfare",0.299177262528048
"Germany",1997-01-01,"Welfare",0.538922155688623
"Germany",1997-02-01,"Welfare",1.54320987654321
"Germany",1997-03-01,"Welfare",1.80078784468205
"Germany",1997-04-01,"Welfare",0.116144018583043
"Germany",1997-05-01,"Welfare",0.140646976090014
"Germany",1997-06-01,"Welfare",3.65934797072522
"Germany",1997-08-01,"Welfare",1.04712041884817
"Germany",1997-09-01,"Welfare",1.00719424460432
"Germany",1997-10-01,"Welfare",2.37198795180723
"Germany",1997-11-01,"Welfare",1.1963406052076
"Germany",1997-12-01,"Welfare",1.36268343815514
"Germany",1998-01-01,"Welfare",0.260078023407022
"Germany",1998-02-01,"Welfare",0.946745562130178
"Germany",1998-03-01,"Welfare",0.505369551484523
"Germany",1998-04-01,"Welfare",1.67627029858565
"Germany",1998-05-01,"Welfare",0.639449090014756
"Germany",1998-06-01,"Welfare",0.862812769628991
"Germany",1998-09-01,"Welfare",2.11019929660023
"Germany",1998-11-01,"Welfare",1.24340617935192
"Germany",1998-12-01,"Welfare",1.36165577342048
"Germany",1999-01-01,"Welfare",1.04408352668213
"Germany",1999-02-01,"Welfare",1.31998179335457
"Germany",1999-03-01,"Welfare",0.549882168106834
"Germany",1999-04-01,"Welfare",0.440205429200293
"Germany",1999-05-01,"Welfare",0.975243810952738
"Germany",1999-06-01,"Welfare",3.51621703546529
"Germany",1999-09-01,"Welfare",2.68154237619886
"Germany",1999-10-01,"Welfare",1.1609287429944
"Germany",1999-11-01,"Welfare",1.85541746893051
"Germany",1999-12-01,"Welfare",1.17287098419174
"Germany",2000-01-01,"Welfare",1.02523659305994
"Germany",2000-02-01,"Welfare",0.408997955010225
"Germany",2000-03-01,"Welfare",0.644606789858187
"Germany",2000-04-01,"Welfare",0.578592092574735
"Germany",2000-05-01,"Welfare",0.994431185361973
"Germany",2000-06-01,"Welfare",0.927487352445194
"Germany",2000-07-01,"Welfare",1.57232704402516
"Germany",2000-09-01,"Welfare",0.711321873147599
"Germany",2000-10-01,"Welfare",0.691775557263643
"Germany",2000-11-01,"Welfare",1.81159420289855
"Germany",2000-12-01,"Welfare",1.75438596491228
"Germany",2001-01-01,"Welfare",1.10019646365422
"Germany",2001-02-01,"Welfare",0.608519269776876
"Germany",2001-03-01,"Welfare",0.356400356400356
"Germany",2001-04-01,"Welfare",0.661703887510339
"Germany",2001-05-01,"Welfare",1.31880733944954
"Germany",2001-06-01,"Welfare",1.49565217391304
"Germany",2001-07-01,"Welfare",1.33437990580848
"Germany",2001-09-01,"Welfare",1.39186295503212
"Germany",2001-10-01,"Welfare",1.6273393002441
"Germany",2001-11-01,"Welfare",0.695535113304914
"Germany",2001-12-01,"Welfare",0.322788896061975
"Germany",2002-01-01,"Welfare",0.730593607305936
"Germany",2002-02-01,"Welfare",0.545634920634921
"Germany",2002-03-01,"Welfare",0.36255767963085
"Germany",2002-04-01,"Welfare",1.54746967795901
"Germany",2002-05-01,"Welfare",2.04369274136716
"Germany",2002-06-01,"Welfare",1.03359173126615
"Germany",2002-07-01,"Welfare",0.51584377302874
"Germany",2002-08-01,"Welfare",0.606060606060606
"Germany",2002-09-01,"Welfare",1.32100396301189
"Germany",2002-10-01,"Welfare",1.78571428571429
"Germany",2002-11-01,"Welfare",1.41190914671578
"Germany",2002-12-01,"Welfare",0.703753351206434
"Germany",2003-01-01,"Welfare",0.91566265060241
"Germany",2003-02-01,"Welfare",0.845070422535211
"Germany",2003-03-01,"Welfare",0.893189430591738
"Germany",2003-04-01,"Welfare",0.598802395209581
"Germany",2003-05-01,"Welfare",0.56208482370976
"Germany",2003-06-01,"Welfare",1.24622356495468
"Germany",2003-07-01,"Welfare",0.40650406504065
"Germany",2003-09-01,"Welfare",1.60839160839161
"Germany",2003-10-01,"Welfare",1.05908584169454
"Germany",2003-11-01,"Welfare",0.944081336238199
"Germany",2003-12-01,"Welfare",0.467016929363689
"Germany",2004-01-01,"Welfare",1.03920642418517
"Germany",2004-02-01,"Welfare",0.238853503184713
"Germany",2004-03-01,"Welfare",1.17994100294985
"Germany",2004-04-01,"Welfare",0.426191398682681
"Germany",2004-05-01,"Welfare",0.542250338906462
"Germany",2004-06-01,"Welfare",1.1313639220616
"Germany",2004-07-01,"Welfare",0.132275132275132
"Germany",2004-09-01,"Welfare",0.86909288430201
"Germany",2004-10-01,"Welfare",1.81750741839763
"Germany",2004-11-01,"Welfare",0.92109303039607
"Germany",2004-12-01,"Welfare",0.403361344537815
"Germany",2005-01-01,"Welfare",1.08342361863489
"Germany",2005-02-01,"Welfare",0.273348519362187
"Germany",2005-03-01,"Welfare",1.88266199649737
"Germany",2005-04-01,"Welfare",0.57092665788318
"Germany",2005-05-01,"Welfare",0.909090909090909
"Germany",2005-06-01,"Welfare",1.01940151266031
"Germany",2005-07-01,"Welfare",1.92307692307692
"Germany",2005-09-01,"Welfare",1.95530726256983
"Germany",2005-11-01,"Welfare",0.896860986547085
"Germany",2005-12-01,"Welfare",1.08108108108108
"Germany",2006-01-01,"Welfare",0.648202710665881
"Germany",2006-02-01,"Welfare",1.07928601079286
"Germany",2006-03-01,"Welfare",1.32890365448505
"Germany",2006-04-01,"Welfare",1.70015455950541
"Germany",2006-05-01,"Welfare",0.793650793650794
"Germany",2006-06-01,"Welfare",1.06897429371341
"Germany",2006-09-01,"Welfare",0.722105753552294
"Germany",2006-10-01,"Welfare",1.32365499573015
"Germany",2006-11-01,"Welfare",1.41291108404385
"Germany",2006-12-01,"Welfare",0.716612377850163
"Germany",2007-01-01,"Welfare",0.445765230312036
"Germany",2007-02-01,"Welfare",2.68292682926829
"Germany",2007-03-01,"Welfare",1.24807987711214
"Germany",2007-04-01,"Welfare",0.191021967526266
"Germany",2007-05-01,"Welfare",0.498466257668712
"Germany",2007-06-01,"Welfare",0.637311703360371
"Germany",2007-07-01,"Welfare",1.15273775216138
"Germany",2007-09-01,"Welfare",1.00034494653329
"Germany",2007-10-01,"Welfare",0.723025583982202
"Germany",2007-11-01,"Welfare",0.930644803899845
"Germany",2007-12-01,"Welfare",1.15606936416185
"Germany",2008-01-01,"Welfare",2.3449920508744
"Germany",2008-02-01,"Welfare",0.444444444444444
"Germany",2008-03-01,"Welfare",0.938566552901024
"Germany",2008-04-01,"Welfare",1.3039934800326
"Germany",2008-05-01,"Welfare",0.548885077186964
"Germany",2008-06-01,"Welfare",1.13751777371521
"Germany",2008-09-01,"Welfare",1.45815106445028
"Germany",2008-10-01,"Welfare",0.939745715865119
"Germany",2008-11-01,"Welfare",0.685119210742669
"Germany",2008-12-01,"Welfare",0.955794504181601
"Germany",2009-01-01,"Welfare",1.27365356622999
"Germany",2009-02-01,"Welfare",1.72057811424639
"Germany",2009-03-01,"Welfare",0.707850707850708
"Germany",2009-04-01,"Welfare",0.873362445414847
"Germany",2009-05-01,"Welfare",1.22916666666667
"Germany",2009-06-01,"Welfare",1.24282982791587
"Germany",2009-07-01,"Welfare",1.58328055731476
"Germany",2009-11-01,"Welfare",1.52129817444219
"Germany",2009-12-01,"Welfare",0.29925187032419
"Germany",2010-01-01,"Welfare",1.11350574712644
"Germany",2010-02-01,"Welfare",0.196078431372549
"Germany",2010-03-01,"Welfare",0.673400673400673
"Germany",2010-04-01,"Welfare",0.253164556962025
"Germany",2010-05-01,"Welfare",1.63021868787276
"Germany",2010-06-01,"Welfare",0.595001983339944
"Germany",2010-07-01,"Welfare",0.893898173338515
"Germany",2010-09-01,"Welfare",1.03626943005181
"Germany",2010-10-01,"Welfare",1.00139082058414
"Germany",2010-11-01,"Welfare",1.61001788908766
"Germany",2010-12-01,"Welfare",1.3429413691451
"Germany",2011-01-01,"Welfare",0.911251980982567
"Germany",2011-02-01,"Welfare",0.47378395451674
"Germany",2011-03-01,"Welfare",0.942684766214178
"Germany",2011-04-01,"Welfare",0.814211695040711
"Germany",2011-05-01,"Welfare",1.29659643435981
"Germany",2011-06-01,"Welfare",0.157294534014943
"Germany",2011-07-01,"Welfare",0.421940928270042
"Germany",2011-09-01,"Welfare",1.0989010989011
"Germany",2011-10-01,"Welfare",0.892857142857143
"Germany",2011-11-01,"Welfare",0.618374558303887
"Germany",2011-12-01,"Welfare",1.16978609625668
"Germany",2012-01-01,"Welfare",1.35836995605274
"Germany",2012-02-01,"Welfare",0.529901589704769
"Germany",2012-03-01,"Welfare",1.43040528149642
"Germany",2012-04-01,"Welfare",1.25
"Germany",2012-05-01,"Welfare",1.6537293283834
"Germany",2012-06-01,"Welfare",1.20449678800857
"Germany",2012-09-01,"Welfare",1.61965931304105
"Germany",2012-10-01,"Welfare",1.55807365439093
"Germany",2012-11-01,"Welfare",0.965743440233236
"Germany",2012-12-01,"Welfare",0.96411355115158
"Germany",2013-01-01,"Welfare",1.59970238095238
"Germany",2013-02-01,"Welfare",0.841908325537886
"Germany",2013-03-01,"Welfare",1.47181338517079
"Germany",2013-04-01,"Welfare",0.767398782746758
"Germany",2013-05-01,"Welfare",1.03788271925272
"Germany",2013-06-01,"Welfare",1.19641076769691
"Germany",2013-09-01,"Welfare",0.903614457831325
"Germany",2013-11-01,"Welfare",0.62047569803516
"Germany",2013-12-01,"Welfare",2.37580993520518
"Germany",2014-01-01,"Welfare",1.20923415170392
"Germany",2014-02-01,"Welfare",0.661221314663555
"Germany",2014-03-01,"Welfare",0.850661625708885
"Germany",2014-04-01,"Welfare",1.65191740412979
"Germany",2014-05-01,"Welfare",1.60268356317555
"Germany",2014-06-01,"Welfare",1.17773019271949
"Germany",2014-07-01,"Welfare",0.750577367205543
"Germany",2014-09-01,"Welfare",1.29032258064516
"Germany",2014-10-01,"Welfare",0.395256916996047
"Germany",2014-11-01,"Welfare",2.05249654627985
"Germany",2014-12-01,"Welfare",0.654664484451719
"Germany",2015-01-01,"Welfare",0.522973477773627
"Germany",2015-02-01,"Welfare",0.307219662058372
"Germany",2015-03-01,"Welfare",1.07739665787159
"Germany",2015-04-01,"Welfare",1.07255520504732
"Germany",2015-05-01,"Welfare",0.0960614793467819
"Germany",2015-06-01,"Welfare",1.44451739986868
"Germany",2015-07-01,"Welfare",3.21743642968345
"Germany",2015-09-01,"Welfare",0.739856801909308
"Germany",2015-10-01,"Welfare",0.909842845326716
"Germany",2015-11-01,"Welfare",1.38169257340242
"Germany",2015-12-01,"Welfare",0.727398683754763
"Germany",2016-01-01,"Welfare",0.885582713425434
"Germany",2016-02-01,"Welfare",0.591510090466249
"Germany",2016-03-01,"Welfare",0.60790273556231
"Germany",2016-04-01,"Welfare",0.839722526469514
"Germany",2016-05-01,"Welfare",0.135226504394861
"Germany",2016-06-01,"Welfare",0.442168955084943
"Germany",2016-07-01,"Welfare",0.387847446670976
"Germany",2016-09-01,"Welfare",1.25623130608175
"Germany",2016-10-01,"Welfare",0.571791613722999
"Germany",2016-11-01,"Welfare",1.16022099447514
"Germany",2016-12-01,"Welfare",1.2591815320042
"Germany",2017-01-01,"Welfare",0.882825040128411
"Germany",2017-02-01,"Welfare",1.65234633179114
"Germany",2017-03-01,"Welfare",0.886103306678193
"Germany",2017-04-01,"Welfare",1.8815331010453
"Germany",2017-05-01,"Welfare",0.635785649409628
"Germany",2017-06-01,"Welfare",1.62724692526017
"Germany",2017-09-01,"Welfare",0.454545454545455
"Germany",2017-12-01,"Welfare",0.242424242424242
"Germany",2018-01-01,"Welfare",0.958772770853308
"Germany",2018-02-01,"Welfare",0.970873786407767
"Germany",2018-03-01,"Welfare",1.01237345331834
"Germany",2018-04-01,"Welfare",0.734976221357544
"Germany",2018-05-01,"Welfare",0.592495062541145
"Germany",2018-06-01,"Welfare",0.676378772112383
"Germany",2018-07-01,"Welfare",0.776699029126214
"Germany",2018-09-01,"Welfare",1.56477438136827
"Germany",2018-10-01,"Welfare",1.42348754448399
"Germany",2018-11-01,"Welfare",1.87816036600048
"Germany",2018-12-01,"Welfare",1.5180265654649
"Ireland",1992-12-01,"Environment",6.94444444444444
"Ireland",1993-02-01,"Environment",9.57446808510638
"Ireland",1993-03-01,"Environment",3.17460317460317
"Ireland",1993-04-01,"Environment",13.1672597864769
"Ireland",1993-05-01,"Environment",8.10810810810811
"Ireland",1993-06-01,"Environment",11.9402985074627
"Ireland",1993-07-01,"Environment",4.54545454545455
"Ireland",1993-10-01,"Environment",6.97674418604651
"Ireland",1993-11-01,"Environment",6.35451505016722
"Ireland",1993-12-01,"Environment",9.00243309002433
"Ireland",1994-01-01,"Environment",1.13636363636364
"Ireland",1994-02-01,"Environment",11.6788321167883
"Ireland",1994-03-01,"Environment",26.3761467889908
"Ireland",1994-04-01,"Environment",1.72839506172839
"Ireland",1994-05-01,"Environment",3.98406374501992
"Ireland",1994-06-01,"Environment",5.74324324324324
"Ireland",1994-09-01,"Environment",1.93050193050193
"Ireland",1994-10-01,"Environment",3.65853658536585
"Ireland",1994-11-01,"Environment",2.5
"Ireland",1994-12-01,"Environment",1.11731843575419
"Ireland",1995-02-01,"Environment",4.65116279069767
"Ireland",1995-03-01,"Environment",6.16438356164384
"Ireland",1995-04-01,"Environment",14.8148148148148
"Ireland",1995-05-01,"Environment",1.7632241813602
"Ireland",1995-06-01,"Environment",9.46745562130178
"Ireland",1995-07-01,"Environment",1.72413793103448
"Ireland",1995-09-01,"Environment",4
"Ireland",1995-10-01,"Environment",5.078125
"Ireland",1995-11-01,"Environment",7.07547169811321
"Ireland",1995-12-01,"Environment",14.1004862236629
"Ireland",1996-01-01,"Environment",5.55555555555556
"Ireland",1996-02-01,"Environment",9.73451327433628
"Ireland",1996-03-01,"Environment",2.56410256410256
"Ireland",1996-04-01,"Environment",5.46875
"Ireland",1996-05-01,"Environment",4.8780487804878
"Ireland",1996-06-01,"Environment",10.727969348659
"Ireland",1996-07-01,"Environment",5.88235294117647
"Ireland",1996-10-01,"Environment",5
"Ireland",1996-11-01,"Environment",6.8870523415978
"Ireland",1996-12-01,"Environment",6.5989847715736
"Ireland",1997-01-01,"Environment",15.2941176470588
"Ireland",1997-02-01,"Environment",17.1628721541156
"Ireland",1997-03-01,"Environment",17.1717171717172
"Ireland",1997-04-01,"Environment",6.52173913043478
"Ireland",1997-05-01,"Environment",1.14942528735632
"Ireland",1997-06-01,"Environment",6.52173913043478
"Ireland",1997-07-01,"Environment",8.33333333333333
"Ireland",1997-09-01,"Environment",1.25
"Ireland",1997-10-01,"Environment",8.05860805860806
"Ireland",1997-11-01,"Environment",4.08560311284047
"Ireland",1997-12-01,"Environment",4.44444444444444
"Ireland",1998-01-01,"Environment",3.84615384615385
"Ireland",1998-02-01,"Environment",2.59579728059333
"Ireland",1998-03-01,"Environment",1.77619893428064
"Ireland",1998-04-01,"Environment",3.01953818827709
"Ireland",1998-05-01,"Environment",3.05343511450382
"Ireland",1998-06-01,"Environment",4.60732984293194
"Ireland",1998-07-01,"Environment",6.55737704918033
"Ireland",1998-09-01,"Environment",3.00751879699248
"Ireland",1998-10-01,"Environment",7.07803992740472
"Ireland",1998-11-01,"Environment",4.57796852646638
"Ireland",1998-12-01,"Environment",4.14201183431953
"Ireland",1999-01-01,"Environment",2.80112044817927
"Ireland",1999-02-01,"Environment",2.44755244755245
"Ireland",1999-03-01,"Environment",3.47432024169184
"Ireland",1999-04-01,"Environment",9.16905444126074
"Ireland",1999-05-01,"Environment",2.38095238095238
"Ireland",1999-06-01,"Environment",7.71428571428571
"Ireland",1999-09-01,"Environment",1.60427807486631
"Ireland",1999-10-01,"Environment",2.38532110091743
"Ireland",1999-11-01,"Environment",2.73972602739726
"Ireland",1999-12-01,"Environment",2.10016155088853
"Ireland",2000-01-01,"Environment",3.33333333333333
"Ireland",2000-02-01,"Environment",5.53691275167785
"Ireland",2000-03-01,"Environment",2.81329923273657
"Ireland",2000-04-01,"Environment",18.140589569161
"Ireland",2000-05-01,"Environment",4.08525754884547
"Ireland",2000-06-01,"Environment",4.07876230661041
"Ireland",2000-10-01,"Environment",3.53200883002207
"Ireland",2000-11-01,"Environment",8.39160839160839
"Ireland",2000-12-01,"Environment",2.0671834625323
"Ireland",2001-01-01,"Environment",8.86075949367089
"Ireland",2001-02-01,"Environment",4.35684647302905
"Ireland",2001-03-01,"Environment",7.29064039408867
"Ireland",2001-04-01,"Environment",2.4330900243309
"Ireland",2001-05-01,"Environment",1.53172866520788
"Ireland",2001-06-01,"Environment",7.90273556231003
"Ireland",2001-07-01,"Environment",15.2866242038217
"Ireland",2001-10-01,"Environment",5.34653465346535
"Ireland",2001-11-01,"Environment",3.23834196891192
"Ireland",2001-12-01,"Environment",3.73134328358209
"Ireland",2002-01-01,"Environment",1.07238605898123
"Ireland",2002-02-01,"Environment",5.73770491803279
"Ireland",2002-03-01,"Environment",3.2967032967033
"Ireland",2002-04-01,"Environment",0.628930817610063
"Ireland",2002-06-01,"Environment",2.59009009009009
"Ireland",2002-07-01,"Environment",0.584795321637427
"Ireland",2002-09-01,"Environment",0.813953488372093
"Ireland",2002-10-01,"Environment",1.46788990825688
"Ireland",2002-11-01,"Environment",6.6271018793274
"Ireland",2002-12-01,"Environment",2.42966751918159
"Ireland",2003-01-01,"Environment",2.04081632653061
"Ireland",2003-02-01,"Environment",3.35016062413951
"Ireland",2003-03-01,"Environment",0.87073007367716
"Ireland",2003-04-01,"Environment",2.4633431085044
"Ireland",2003-05-01,"Environment",3.50617283950617
"Ireland",2003-06-01,"Environment",3.09124767225326
"Ireland",2003-07-01,"Environment",5.15267175572519
"Ireland",2003-09-01,"Environment",0.740740740740741
"Ireland",2003-10-01,"Environment",5.2589641434263
"Ireland",2003-11-01,"Environment",1.90901705930138
"Ireland",2003-12-01,"Environment",1.15606936416185
"Ireland",2004-01-01,"Environment",3.09789343246592
"Ireland",2004-02-01,"Environment",1.30856901646264
"Ireland",2004-03-01,"Environment",3.02668259657507
"Ireland",2004-04-01,"Environment",1.86915887850467
"Ireland",2004-05-01,"Environment",2.76880479926165
"Ireland",2004-06-01,"Environment",2.56889304063522
"Ireland",2004-07-01,"Environment",3.0192131747484
"Ireland",2004-09-01,"Environment",3.66300366300366
"Ireland",2004-10-01,"Environment",7.36747529200359
"Ireland",2004-11-01,"Environment",1.48556876061121
"Ireland",2004-12-01,"Environment",1.77914110429448
"Ireland",2005-01-01,"Environment",1.25944584382872
"Ireland",2005-02-01,"Environment",6.89655172413793
"Ireland",2005-03-01,"Environment",3.75586854460094
"Ireland",2005-04-01,"Environment",3.29301075268817
"Ireland",2005-05-01,"Environment",2.76363636363636
"Ireland",2005-06-01,"Environment",1.55660377358491
"Ireland",2005-09-01,"Environment",0.727272727272727
"Ireland",2005-10-01,"Environment",2.8125
"Ireland",2005-11-01,"Environment",4.91866769945779
"Ireland",2005-12-01,"Environment",3.7940379403794
"Ireland",2006-01-01,"Environment",2.38853503184713
"Ireland",2006-02-01,"Environment",3.84032339565437
"Ireland",2006-03-01,"Environment",2.84951024042743
"Ireland",2006-04-01,"Environment",4.0281973816717
"Ireland",2006-05-01,"Environment",3.08045977011494
"Ireland",2006-06-01,"Environment",6.66955391944565
"Ireland",2006-07-01,"Environment",0.758533501896334
"Ireland",2006-09-01,"Environment",3.77358490566038
"Ireland",2006-10-01,"Environment",2.07228915662651
"Ireland",2006-11-01,"Environment",6.27400768245839
"Ireland",2006-12-01,"Environment",5.07780507780508
"Ireland",2007-01-01,"Environment",2.55102040816327
"Ireland",2007-02-01,"Environment",4.21978021978022
"Ireland",2007-03-01,"Environment",2.61560018682858
"Ireland",2007-04-01,"Environment",4.72610096670247
"Ireland",2007-06-01,"Environment",12
"Ireland",2007-07-01,"Environment",14.8785425101215
"Ireland",2007-09-01,"Environment",15.530303030303
"Ireland",2007-10-01,"Environment",7.64503441494592
"Ireland",2007-11-01,"Environment",10.771748022907
"Ireland",2007-12-01,"Environment",8.6423118865867
"Ireland",2008-01-01,"Environment",6.82764363030808
"Ireland",2008-02-01,"Environment",9.44372574385511
"Ireland",2008-03-01,"Environment",6.01190476190476
"Ireland",2008-04-01,"Environment",8.25369244135534
"Ireland",2008-05-01,"Environment",7.16476163925286
"Ireland",2008-06-01,"Environment",8.5949177877429
"Ireland",2008-07-01,"Environment",7.75554946560702
"Ireland",2008-09-01,"Environment",6.65961945031713
"Ireland",2008-10-01,"Environment",6.75740210124164
"Ireland",2008-11-01,"Environment",10.2609464838567
"Ireland",2008-12-01,"Environment",7.29631130928253
"Ireland",2009-01-01,"Environment",8.74872838250254
"Ireland",2009-02-01,"Environment",5.07432086109687
"Ireland",2009-03-01,"Environment",7.18420156622404
"Ireland",2009-04-01,"Environment",5.10884051532652
"Ireland",2009-05-01,"Environment",6.16045845272206
"Ireland",2009-06-01,"Environment",6.18683756470298
"Ireland",2009-07-01,"Environment",6.93877551020408
"Ireland",2009-09-01,"Environment",5.91293047433398
"Ireland",2009-10-01,"Environment",8.85572139303483
"Ireland",2009-11-01,"Environment",6.96440415653327
"Ireland",2009-12-01,"Environment",9.85643290999448
"Ireland",2010-01-01,"Environment",9.69802555168409
"Ireland",2010-02-01,"Environment",11.2681912681913
"Ireland",2010-03-01,"Environment",5.05952380952381
"Ireland",2010-04-01,"Environment",5.92165198906772
"Ireland",2010-05-01,"Environment",8.55521606285465
"Ireland",2010-06-01,"Environment",6.25986322987901
"Ireland",2010-07-01,"Environment",10.2950819672131
"Ireland",2010-09-01,"Environment",4.84937545922116
"Ireland",2010-10-01,"Environment",5.31328320802005
"Ireland",2010-11-01,"Environment",5.31590413943355
"Ireland",2010-12-01,"Environment",6.02688919796013
"Ireland",2011-01-01,"Environment",8.16876122082585
"Ireland",2011-02-01,"Environment",1.44927536231884
"Ireland",1992-12-01,"Welfare",1.38888888888889
"Ireland",1993-03-01,"Welfare",1.26984126984127
"Ireland",1993-04-01,"Welfare",0.355871886120996
"Ireland",1993-05-01,"Welfare",1.62162162162162
"Ireland",1993-07-01,"Welfare",1.51515151515152
"Ireland",1993-10-01,"Welfare",0.581395348837209
"Ireland",1993-12-01,"Welfare",0.24330900243309
"Ireland",1994-02-01,"Welfare",0.72992700729927
"Ireland",1994-03-01,"Welfare",0.688073394495413
"Ireland",1994-04-01,"Welfare",0.246913580246914
"Ireland",1994-06-01,"Welfare",1.01351351351351
"Ireland",1994-10-01,"Welfare",0.609756097560976
"Ireland",1994-12-01,"Welfare",1.11731843575419
"Ireland",1995-01-01,"Welfare",3.33333333333333
"Ireland",1995-04-01,"Welfare",3.7037037037037
"Ireland",1995-06-01,"Welfare",1.18343195266272
"Ireland",1995-10-01,"Welfare",1.171875
"Ireland",1995-11-01,"Welfare",0.471698113207547
"Ireland",1996-01-01,"Welfare",5.55555555555556
"Ireland",1996-04-01,"Welfare",0.390625
"Ireland",1996-06-01,"Welfare",0.383141762452107
"Ireland",1996-11-01,"Welfare",1.37741046831956
"Ireland",1997-01-01,"Welfare",1.17647058823529
"Ireland",1997-02-01,"Welfare",0.525394045534151
"Ireland",1997-05-01,"Welfare",2.29885057471264
"Ireland",1997-06-01,"Welfare",1.08695652173913
"Ireland",1997-11-01,"Welfare",0.583657587548638
"Ireland",1997-12-01,"Welfare",1.26984126984127
"Ireland",1998-01-01,"Welfare",0.854700854700855
"Ireland",1998-02-01,"Welfare",1.85414091470952
"Ireland",1998-03-01,"Welfare",0.532859680284192
"Ireland",1998-04-01,"Welfare",1.9538188277087
"Ireland",1998-06-01,"Welfare",2.19895287958115
"Ireland",1998-07-01,"Welfare",0.819672131147541
"Ireland",1998-09-01,"Welfare",1.50375939849624
"Ireland",1998-10-01,"Welfare",1.27041742286751
"Ireland",1998-11-01,"Welfare",1.1444921316166
"Ireland",1998-12-01,"Welfare",2.48520710059172
"Ireland",1999-01-01,"Welfare",0.840336134453782
"Ireland",1999-02-01,"Welfare",1.63170163170163
"Ireland",1999-03-01,"Welfare",1.96374622356495
"Ireland",1999-05-01,"Welfare",4.16666666666667
"Ireland",1999-06-01,"Welfare",2
"Ireland",1999-09-01,"Welfare",0.53475935828877
"Ireland",1999-11-01,"Welfare",0.15220700152207
"Ireland",1999-12-01,"Welfare",3.55411954765751
"Ireland",2000-01-01,"Welfare",1.66666666666667
"Ireland",2000-02-01,"Welfare",0.335570469798658
"Ireland",2000-03-01,"Welfare",1.27877237851662
"Ireland",2000-04-01,"Welfare",4.98866213151927
"Ireland",2000-05-01,"Welfare",0.177619893428064
"Ireland",2000-06-01,"Welfare",2.39099859353024
"Ireland",2000-10-01,"Welfare",1.1037527593819
"Ireland",2000-11-01,"Welfare",0.13986013986014
"Ireland",2000-12-01,"Welfare",2.58397932816537
"Ireland",2001-02-01,"Welfare",0.622406639004149
"Ireland",2001-03-01,"Welfare",1.47783251231527
"Ireland",2001-04-01,"Welfare",2.18978102189781
"Ireland",2001-05-01,"Welfare",1.09409190371991
"Ireland",2001-07-01,"Welfare",0.636942675159236
"Ireland",2001-10-01,"Welfare",1.38613861386139
"Ireland",2001-11-01,"Welfare",0.647668393782383
"Ireland",2001-12-01,"Welfare",1.67910447761194
"Ireland",2002-01-01,"Welfare",0.536193029490617
"Ireland",2002-02-01,"Welfare",0.819672131147541
"Ireland",2002-03-01,"Welfare",1.0989010989011
"Ireland",2002-06-01,"Welfare",0.112612612612613
"Ireland",2002-10-01,"Welfare",0.36697247706422
"Ireland",2002-11-01,"Welfare",0.692383778437191
"Ireland",2002-12-01,"Welfare",2.0460358056266
"Ireland",2003-01-01,"Welfare",1.53061224489796
"Ireland",2003-02-01,"Welfare",1.37677833868747
"Ireland",2003-03-01,"Welfare",0.669792364367046
"Ireland",2003-04-01,"Welfare",1.46627565982405
"Ireland",2003-05-01,"Welfare",0.938271604938272
"Ireland",2003-06-01,"Welfare",1.82495344506518
"Ireland",2003-07-01,"Welfare",1.33587786259542
"Ireland",2003-09-01,"Welfare",1.48148148148148
"Ireland",2003-10-01,"Welfare",2.39043824701195
"Ireland",2003-11-01,"Welfare",2.51827782290821
"Ireland",2003-12-01,"Welfare",1.65152766308836
"Ireland",2004-01-01,"Welfare",2.23048327137546
"Ireland",2004-02-01,"Welfare",1.68847615027438
"Ireland",2004-03-01,"Welfare",0.915969733174034
"Ireland",2004-04-01,"Welfare",0.545171339563863
"Ireland",2004-05-01,"Welfare",1.24596215966774
"Ireland",2004-06-01,"Welfare",1.35450723960766
"Ireland",2004-07-01,"Welfare",1.28087831655993
"Ireland",2004-09-01,"Welfare",0.366300366300366
"Ireland",2004-10-01,"Welfare",2.20125786163522
"Ireland",2004-11-01,"Welfare",1.35823429541596
"Ireland",2004-12-01,"Welfare",2.33128834355828
"Ireland",2005-01-01,"Welfare",0.503778337531486
"Ireland",2005-02-01,"Welfare",1.25889436234264
"Ireland",2005-03-01,"Welfare",1.30412102243088
"Ireland",2005-04-01,"Welfare",1.81451612903226
"Ireland",2005-05-01,"Welfare",2.69090909090909
"Ireland",2005-06-01,"Welfare",1.50943396226415
"Ireland",2005-09-01,"Welfare",2.18181818181818
"Ireland",2005-10-01,"Welfare",1.29464285714286
"Ireland",2005-11-01,"Welfare",2.67234701781565
"Ireland",2005-12-01,"Welfare",3.11653116531165
"Ireland",2006-01-01,"Welfare",0.636942675159236
"Ireland",2006-02-01,"Welfare",1.21273370389085
"Ireland",2006-03-01,"Welfare",0.489759572573464
"Ireland",2006-04-01,"Welfare",0.906344410876133
"Ireland",2006-05-01,"Welfare",1.14942528735632
"Ireland",2006-06-01,"Welfare",0.43308791684712
"Ireland",2006-07-01,"Welfare",0.758533501896334
"Ireland",2006-09-01,"Welfare",0.808625336927224
"Ireland",2006-10-01,"Welfare",0.530120481927711
"Ireland",2006-11-01,"Welfare",1.83525394793
"Ireland",2006-12-01,"Welfare",1.88370188370188
"Ireland",2007-01-01,"Welfare",3.06122448979592
"Ireland",2007-02-01,"Welfare",1.89010989010989
"Ireland",2007-03-01,"Welfare",0.700607192900514
"Ireland",2007-04-01,"Welfare",1.07411385606874
"Ireland",2007-06-01,"Welfare",0.551724137931034
"Ireland",2007-09-01,"Welfare",0.378787878787879
"Ireland",2007-10-01,"Welfare",0.909537856440511
"Ireland",2007-11-01,"Welfare",0.681756203981456
"Ireland",2007-12-01,"Welfare",0.436205016357688
"Ireland",2008-01-01,"Welfare",0.0832639467110741
"Ireland",2008-02-01,"Welfare",1.03492884864166
"Ireland",2008-03-01,"Welfare",0.476190476190476
"Ireland",2008-04-01,"Welfare",0.231682594845062
"Ireland",2008-05-01,"Welfare",0.72483969891274
"Ireland",2008-06-01,"Welfare",0.373692077727952
"Ireland",2008-07-01,"Welfare",0.794738284461496
"Ireland",2008-09-01,"Welfare",0.105708245243129
"Ireland",2008-10-01,"Welfare",0.764087870105062
"Ireland",2008-11-01,"Welfare",0.132684652808492
"Ireland",2008-12-01,"Welfare",1.37819213619781
"Ireland",2009-01-01,"Welfare",0.712105798575788
"Ireland",2009-02-01,"Welfare",0.358790363915941
"Ireland",2009-03-01,"Welfare",0.749063670411985
"Ireland",2009-04-01,"Welfare",1.15504220346513
"Ireland",2009-05-01,"Welfare",0.393982808022923
"Ireland",2009-06-01,"Welfare",0.419028839043628
"Ireland",2009-07-01,"Welfare",0.476190476190476
"Ireland",2009-09-01,"Welfare",1.68940870695257
"Ireland",2009-10-01,"Welfare",0.232172470978441
"Ireland",2009-11-01,"Welfare",0.641167366791952
"Ireland",2009-12-01,"Welfare",0.82827167310878
"Ireland",2010-01-01,"Welfare",0.203252032520325
"Ireland",2010-02-01,"Welfare",0.374220374220374
"Ireland",2010-03-01,"Welfare",0.520833333333333
"Ireland",2010-04-01,"Welfare",0.637716368053447
"Ireland",2010-05-01,"Welfare",0.174596246180707
"Ireland",2010-06-01,"Welfare",0.263019463440295
"Ireland",2010-07-01,"Welfare",0.229508196721311
"Ireland",2010-09-01,"Welfare",0.293901542983101
"Ireland",2010-10-01,"Welfare",0.927318295739348
"Ireland",2010-11-01,"Welfare",0.631808278867102
"Ireland",2010-12-01,"Welfare",0.556328233657858
"Ireland",2011-01-01,"Welfare",0.359066427289048
